<?xml version="1.0" encoding="UTF-8"?>
<NFe xmlns="http://www.portalfiscal.inf.br/nfe"><infNFe Id="NFe41170926849873000167550010000000021000000082" versao="3.10"><ide><cUF>41</cUF><cNF>00000008</cNF><natOp>Consignacao de produto</natOp><indPag>1</indPag><mod>55</mod><serie>1</serie><nNF>2</nNF><dhEmi>2017-09-20T13:46:20-03:00</dhEmi><dhSaiEnt>2017-09-20T13:46:20-03:00</dhSaiEnt><tpNF>1</tpNF><idDest>1</idDest><cMunFG>4106902</cMunFG><tpImp>1</tpImp><tpEmis>1</tpEmis><cDV>2</cDV><tpAmb>2</tpAmb><finNFe>1</finNFe><indFinal>1</indFinal><indPres>9</indPres><procEmi>0</procEmi><verProc>4.0.43</verProc></ide><emit><CNPJ>26849873000167</CNPJ><xNome>ZOOP</xNome><xFant>ZOOP BR</xFant><enderEmit><xLgr>RUA BRASILIO ITIBERE</xLgr><nro>2023</nro><xCpl>AP 102</xCpl><xBairro>REBOUCAS</xBairro><cMun>4106902</cMun><xMun>Curitiba</xMun><UF>PR</UF><CEP>80230050</CEP><cPais>1058</cPais><xPais>BRASIL</xPais><fone>34020106</fone></enderEmit><IE>9073949480</IE><CRT>1</CRT></emit><dest><CNPJ>71558829000152</CNPJ><xNome>NF-E EMITIDA EM AMBIENTE DE HOMOLOGACAO - SEM VALOR FISCAL</xNome><enderDest><xLgr>Sete de Setembro</xLgr><nro>3432</nro><xBairro>Centro</xBairro><cMun>4106902</cMun><xMun>CURITIBA</xMun><UF>PR</UF><CEP>80230090</CEP><cPais>1058</cPais><xPais>Brasil</xPais><fone>34320108</fone></enderDest><indIEDest>2</indIEDest><email>contato@contafarma.com.br</email></dest><det nItem="1"><prod><cProd>zp-bq</cProd><cEAN>7895099315424</cEAN><xProd>Zoop - Boquinha</xProd><NCM>39249000</NCM><CFOP>5917</CFOP><uCom>Un</uCom><qCom>50</qCom><vUnCom>4.19</vUnCom><vProd>209.50</vProd><cEANTrib/><uTrib>Un</uTrib><qTrib>50</qTrib><vUnTrib>4.19</vUnTrib><indTot>1</indTot><xPed>2</xPed><nItemPed>1</nItemPed></prod><imposto><vTotTrib>0.00</vTotTrib><ICMS><ICMSSN102><orig>0</orig><CSOSN>102</CSOSN></ICMSSN102></ICMS><IPI><cEnq>999</cEnq><IPITrib><CST>99</CST><vBC>0.00</vBC><pIPI>0.00</pIPI><vIPI>0.00</vIPI></IPITrib></IPI><PIS><PISOutr><CST>99</CST><qBCProd>0.00</qBCProd><vAliqProd>0.0000</vAliqProd><vPIS>0.00</vPIS></PISOutr></PIS><COFINS><COFINSOutr><CST>99</CST><qBCProd>0.00</qBCProd><vAliqProd>0.000</vAliqProd><vCOFINS>0.00</vCOFINS></COFINSOutr></COFINS></imposto></det><total><ICMSTot><vBC>0.00</vBC><vICMS>0</vICMS><vICMSDeson>0.00</vICMSDeson><vBCST>0</vBCST><vST>0</vST><vProd>209.50</vProd><vFrete>0.00</vFrete><vSeg>0.00</vSeg><vDesc>0.00</vDesc><vII>0.00</vII><vIPI>0.00</vIPI><vPIS>0</vPIS><vCOFINS>0</vCOFINS><vOutro>0.00</vOutro><vNF>209.50</vNF><vTotTrib>0.00</vTotTrib></ICMSTot></total><transp><modFrete>0</modFrete><vol><qVol>50</qVol><esp>Unidades</esp><pesoL>0</pesoL><pesoB>0</pesoB></vol></transp><cobr><fat><nFat>2</nFat><vOrig>209.50</vOrig><vLiq>209.50</vLiq></fat><dup><nDup>2</nDup><dVenc>2017-09-25</dVenc><vDup>209.50</vDup></dup></cobr><infAdic><infCpl>Pedido Nº2 - Valor Aprox. Tributos R$ 0,00 - 0,00 Federal, 0,00 Estadual e 0,00 Municipal.</infCpl></infAdic></infNFe></NFe>
