<?xml version="1.0" encoding="UTF-8"?>
<NFe xmlns="http://www.portalfiscal.inf.br/nfe"><infNFe Id="NFe41170926849873000167550010000000171000000085" versao="3.10"><ide><cUF>41</cUF><cNF>00000008</cNF><natOp>Consignacao de Produto</natOp><indPag>1</indPag><mod>55</mod><serie>1</serie><nNF>17</nNF><dhEmi>2017-09-15T14:06:49-03:00</dhEmi><dhSaiEnt>2017-09-15T14:06:49-03:00</dhSaiEnt><tpNF>1</tpNF><idDest>1</idDest><cMunFG>4106902</cMunFG><tpImp>1</tpImp><tpEmis>1</tpEmis><cDV>5</cDV><tpAmb>2</tpAmb><finNFe>1</finNFe><indFinal>1</indFinal><indPres>9</indPres><procEmi>0</procEmi><verProc>4.0.43</verProc></ide><emit><CNPJ>26849873000167</CNPJ><xNome>ZOOP</xNome><xFant>ZOOP BR</xFant><enderEmit><xLgr>RUA BRASILIO ITIBERE</xLgr><nro>2023</nro><xCpl>AP 102</xCpl><xBairro>REBOUCAS</xBairro><cMun>4106902</cMun><xMun>Curitiba</xMun><UF>PR</UF><CEP>80230050</CEP><cPais>1058</cPais><xPais>BRASIL</xPais><fone>34020106</fone></enderEmit><IE>9073949480</IE><CNAE>4759899</CNAE><CRT>1</CRT></emit><dest><CNPJ>77814953000118</CNPJ><xNome>NF-E EMITIDA EM AMBIENTE DE HOMOLOGACAO - SEM VALOR FISCAL</xNome><enderDest><xLgr>Av. Sete de setembro</xLgr><nro>2150</nro><xBairro>Centro</xBairro><cMun>4106902</cMun><xMun>CURITIBA</xMun><UF>PR</UF><CEP>80235090</CEP><cPais>1058</cPais><xPais>Brasil</xPais><fone>30020482</fone></enderDest><indIEDest>2</indIEDest><email>joao@farma.com.br</email></dest><det nItem="1"><prod><cProd>zp-bq</cProd><cEAN>97899072659522</cEAN><xProd>Zoop - Boquinha</xProd><NCM>22030000</NCM><CFOP>5101</CFOP><uCom>Un</uCom><qCom>4</qCom><vUnCom>210.00</vUnCom><vProd>840.00</vProd><cEANTrib/><uTrib/><qTrib>120</qTrib><vUnTrib>7.00</vUnTrib><indTot>1</indTot><xPed>15</xPed><nItemPed>1</nItemPed></prod><imposto><vTotTrib>50.40</vTotTrib><ICMS><ICMSSN102><orig>0</orig><CSOSN>102</CSOSN></ICMSSN102></ICMS><IPI><cEnq>999</cEnq><IPITrib><CST>50</CST><vBC>840.00</vBC><pIPI>6.00</pIPI><vIPI>50.40</vIPI></IPITrib></IPI><PIS><PISNT><CST>07</CST></PISNT></PIS><COFINS><COFINSNT><CST>07</CST></COFINSNT></COFINS></imposto></det><total><ICMSTot><vBC>0</vBC><vICMS>0</vICMS><vICMSDeson>0.00</vICMSDeson><vBCST>0</vBCST><vST>0</vST><vProd>840.00</vProd><vFrete>0.00</vFrete><vSeg>0.00</vSeg><vDesc>0.00</vDesc><vII>0.00</vII><vIPI>50.40</vIPI><vPIS>0</vPIS><vCOFINS>0</vCOFINS><vOutro>0.00</vOutro><vNF>890.40</vNF><vTotTrib>50.40</vTotTrib></ICMSTot></total><transp><modFrete>0</modFrete><vol><qVol>4</qVol><esp>Pacotes</esp><pesoL>120</pesoL><pesoB>120</pesoB></vol><vol><qVol>2</qVol><esp>Volume</esp><pesoL>10</pesoL><pesoB>10</pesoB></vol></transp><cobr><fat><nFat>000035342</nFat><vOrig>1200.00</vOrig><vLiq>1200.00</vLiq></fat><dup><nDup>35342-1</nDup><dVenc>2016-06-20</dVenc><vDup>300.00</vDup></dup><dup><nDup>35342-2</nDup><dVenc>2016-07-20</dVenc><vDup>300.00</vDup></dup><dup><nDup>35342-3</nDup><dVenc>2016-08-20</dVenc><vDup>300.00</vDup></dup><dup><nDup>35342-4</nDup><dVenc>2016-09-20</dVenc><vDup>300.00</vDup></dup></cobr><infAdic><infCpl>Pedido Nº16 - Valor Aprox. Tributos R$ 50,00 - 50,40 Federal, 0,00 Estadual e 0,00 Municipal.</infCpl></infAdic></infNFe></NFe>
